-- IMPORT COMPETITOR LOCATIONS

ALTER TABLE competitor_locations DISABLE ROW LEVEL SECURITY;

INSERT INTO competitor_locations (competitor_id, city, state, locality)
SELECT 
  c.id,
  t.city,
  t.state,
  t.locality
FROM competitors c
CROSS JOIN LATERAL (
  VALUES
  ('Akshaara Beautyhub', 'Guntur', 'AndhraPradesh', 'Lalapet'),
  ('Gurudatha Gold Marchent', 'Guntur', 'AndhraPradesh', 'Sharaff Bazar Mangalagiri'),
  ('Jayanthi Diamonds & Jewellers Pvt Ltd', 'Guntur', 'AndhraPradesh', 'Narendra Centre Venkatarayapuram, Tanuku'),
  ('Lakshmi Tirumala Jewellery', 'Guntur', 'AndhraPradesh', 'Lalapet'),
  ('SRI LAKSHMI NARASIMHA GOLD WORKS', 'Guntur', 'AndhraPradesh', 'Beside Sivalayam Temple Mangalagiri'),
  ('Sree Sai Rajendra Jewellers', 'Guntur', 'AndhraPradesh', 'Main Road Brodipet'),
  ('Sri Girija Shankar Selections', 'Guntur', 'AndhraPradesh', 'Pattabhipuram Main Road Pattabipuram'),
  ('Sri Varalaxmi Jewellery & Gold', 'Guntur', 'AndhraPradesh', 'Revenu Ward Mangalagiri'),
  ('Sri Venkateswara Jewellers', 'Guntur', 'AndhraPradesh', 'Mollavari Street Ponnur'),
  ('ARNIKA SILVER JEWELLERY', 'Vijayawada', 'AndhraPradesh', 'Labbipet MG Road'),
  ('Bombay Jewellers', 'Vijayawada', 'AndhraPradesh', 'Near Benz Circle Chandramoulipuram'),
  ('Indriya', 'Vijayawada', 'AndhraPradesh', 'Mg Road'),
  ('Kiranmayi Jewellery Mart', 'Vijayawada', 'AndhraPradesh', 'Sivalayam Street One Town'),
  ('Mahendra Jewellery House', 'Vijayawada', 'AndhraPradesh', 'Tikkle Road Mg'),
  ('Rajendra Jewellers Wholesale Gold Shoppe', 'Vijayawada', 'AndhraPradesh', 'Jd Hospital Road Governerpet'),
  ('Sri Sanghvi Jewellers INDIA Pvt Ltd', 'Vijayawada', 'AndhraPradesh', 'Tikkle Road Mg'),
  ('Sridevi Jewellers', 'Vijayawada', 'AndhraPradesh', 'Labbipet MG Road'),
  ('Vega Jewellers', 'Vijayawada', 'AndhraPradesh', 'Rajagopalachari Street Governerpet'),
  ('Vishal Silver', 'Vijayawada', 'AndhraPradesh', 'Rajagopalachari Street Governerpet'),
  ('Kila Silver Jewellery', 'Visakhapatnam', 'AndhraPradesh', 'Mvp Double Road Colony'),
  ('S J Gold Refinery', 'Visakhapatnam', 'AndhraPradesh', 'B C Road Gajuwaka'),
  ('Satyasri 1 Gram Jewellery & Fancy', 'Visakhapatnam', 'AndhraPradesh', 'Chintapalli Road Narsipatnam'),
  ('Sri Kameswari Jewellers', 'Visakhapatnam', 'AndhraPradesh', 'Seethammadhara'),
  ('Sri Shakti Dharmakata', 'Visakhapatnam', 'AndhraPradesh', 'VIZAG EMPORIUM VASANATHA RAO STREET Poorna Market'),
  ('Srinivasa Chaitanya Jewellers', 'Visakhapatnam', 'AndhraPradesh', 'Dwarakanagar Main Road Dwaraka Nagar'),
  ('Srinivasa Gold Refinery', 'Visakhapatnam', 'AndhraPradesh', 'Kurpam Market M G Road'),
  ('Swarna Jewellers', 'Visakhapatnam', 'AndhraPradesh', 'Main Road Gopalapatnam'),
  ('Vysyaraju Raju Jewellers', 'Visakhapatnam', 'AndhraPradesh', 'Waltair Uplands Asilmetta'),
  ('Yamini Silver Ware', 'Visakhapatnam', 'AndhraPradesh', '1st Lane Dwaraka Nagar Visakhapatnam'),
  ('Arunachal Ivory And Ornaments', 'Itanagar', 'ArunachalPradesh', 'Nyorch Main Market Yupia'),
  ('Asb Jewellers', 'Itanagar', 'ArunachalPradesh', 'Shop No 106 Akashdeep Market Complex Bat'),
  ('Asmi Diamonds', 'Itanagar', 'ArunachalPradesh', 'Main Road Naharlagun'),
  ('Itanagar Jewels', 'Itanagar', 'ArunachalPradesh', 'Doni Colony'),
  ('Melorra Jewellery', 'Itanagar', 'ArunachalPradesh', 'Hotel Supinsa Rwd Colony'),
  ('R.J Jewellers', 'Itanagar', 'ArunachalPradesh', 'Naharlagun'),
  ('Rani Jewellers', 'Itanagar', 'ArunachalPradesh', 'Shiv Mandir Road Naharlagun'),
  ('Reliance jewels', 'Itanagar', 'ArunachalPradesh', 'Daariya Plaza Bat'),
  ('Shree Siyaram Jewellers', 'Itanagar', 'ArunachalPradesh', 'G Ext Road Naharlagun'),
  ('Star Gems House', 'Itanagar', 'ArunachalPradesh', 'Nh 415 Kime Paka Colony'),
  ('Balaji Jewellers', 'Dibrugarh', 'Assam', 'Dibrugarh Diblugarh'),
  ('Blue Stone', 'Dibrugarh', 'Assam', 'HS Road Khaliamari'),
  ('Caratlane', 'Dibrugarh', 'Assam', 'HS Rd Khaliamari'),
  ('D N Jewellers', 'Dibrugarh', 'Assam', 'New Market Khaliamari'),
  ('Gold Place Pvt Ltd', 'Dibrugarh', 'Assam', 'Chiring Chapri Purnananda Road'),
  ('Jyoti Jewellers', 'Dibrugarh', 'Assam', 'New Market Road'),
  ('Prakash Jewellers', 'Dibrugarh', 'Assam', 'Sonari Patty Road Bc Das'),
  ('Rajasthan Gems & Jewellers', 'Dibrugarh', 'Assam', 'Bnp Path New Market Road'),
  ('Royal Gems & Jewellers', 'Dibrugarh', 'Assam', 'H.S Road-Dibrugarh New Market Road'),
  ('Tanishq', 'Dibrugarh', 'Assam', 'H S Road Panchali'),
  ('ARCHNEH JEWELLERS', 'Guwahati', 'Assam', 'Rg Baruah Road Zoo'),
  ('Geetanjali Jewellery', 'Guwahati', 'Assam', 'AK Aazad Road Gopinathnagar'),
  ('Maa Anjali Jewellers', 'Guwahati', 'Assam', 'Jaya Nagar Khanapara'),
  ('N B Gems & Jewellers', 'Guwahati', 'Assam', 'Super Market Bamunimaidan'),
  ('Nath Jewellery', 'Guwahati', 'Assam', 'Hatigaon Main Road'),
  ('Rattnanjalee Jewel India Pvt. Ltd.', 'Guwahati', 'Assam', 'G S Road'),
  ('Rupashree Assamese Traditional Jewellery', 'Guwahati', 'Assam', 'Jayanagar Sixmile Road Khanapara'),
  ('Samrat Jewellers', 'Guwahati', 'Assam', 'A.T Road Maligaon'),
  ('Shippan Gold Smith Jewellery', 'Guwahati', 'Assam', 'SIXMILE WARD NO 59 Khanapara'),
  ('Zangfai', 'Guwahati', 'Assam', 'M R D. Road Silpukhuri'),
  ('Bhargavi Jewellers', 'Gaya', 'Bihar', 'Bajaja Road Chowk'),
  ('Gopal Jewellers', 'Gaya', 'Bihar', 'Baidrabad'),
  ('Jainam Ornament Pvt. Ltd.', 'Gaya', 'Bihar', 'Chowk'),
  ('Jewar Mahal', 'Gaya', 'Bihar', 'Bajaja Road Gaya Chowk'),
  ('Kalyan Jewellers', 'Gaya', 'Bihar', 'Enayat Colony Swarajpuri Road'),
  ('Khazaana Jewellers', 'Gaya', 'Bihar', 'G B Road Gaya City'),
  ('Kisna Diamond & Gold Jewellery', 'Gaya', 'Bihar', 'Kashinath More Swarajpuri Road'),
  ('PC Jeweller Ltd.', 'Gaya', 'Bihar', 'Shri Krishna Road Gaya Ho'),
  ('Tanishq', 'Gaya', 'Bihar', 'Swarajpuri Road Civil Lines'),
  ('Tibetan Handicraft', 'Gaya', 'Bihar', 'Jai Prakash Udyan Domuhan Bodhgaya Road, Bodhgaya'),
  ('Alankar Jewellers', 'Patna', 'Bihar', 'Station Road Barh'),
  ('Bhushan Bhandar Jewellers', 'Patna', 'Bihar', 'Bari Path Bakerganj'),
  ('Indriya', 'Patna', 'Bihar', 'Boring Road Sri Krishnapuri'),
  ('JJ Gold', 'Patna', 'Bihar', 'Bakarganj Road Bakerganj'),
  ('Jyoti Alankar', 'Patna', 'Bihar', 'Main Road Kankarbagh'),
  ('Kasturi Jewellers', 'Patna', 'Bihar', 'Paradise Market Bakerganj'),
  ('RADHE KRISHNA JEWELLERS', 'Patna', 'Bihar', 'Jagdeo Path Bailey Road Sheikhpura'),
  ('Ratnapriya Jewellers', 'Patna', 'Bihar', 'Gaya Line Gumati Road Mithapur'),
  ('Sevika Jewellers', 'Patna', 'Bihar', 'LAXMI COMPLEX Boring Road'),
  ('Shree Kanak Dhara Jewellers', 'Patna', 'Bihar', 'Shree Kanak Dhara Jewellers Bakerganj'),
  ('Anjalii Jewellers', 'Bilaspur', 'Chhattisgarh', 'Sadar Bazar, Bilaspur-Chhattisgarh'),
  ('Clt Annmol Jewellery', 'Bilaspur', 'Chhattisgarh', 'Swarna Complex Raj Kishore Nagar, Bilaspur-Chhattisgarh'),
  ('Navratan Gems & Jewellers', 'Bilaspur', 'Chhattisgarh', 'Sadar Bazar, Bilaspur-Chhattisgarh'),
  ('Rakesh Jewellers', 'Bilaspur', 'Chhattisgarh', 'Bilaspur Sadar Bazar, Bilaspur-Chhattisgarh'),
  ('SATI SHREE Jewellers & GEMS', 'Bilaspur', 'Chhattisgarh', 'Beside Hanuman Temple Main Road Sadar Bazar Gole, Bilaspur-Chhattisgarh'),
  ('Shah Jawaharlal Jethalal Jewellers', 'Bilaspur', 'Chhattisgarh', 'Shah Jethalal Jadhavji Building Sadar Bazar, Bilaspur-Chhattisgarh'),
  ('Sherlin Jewellers', 'Bilaspur', 'Chhattisgarh', 'Main Road Sadar Bazaar Bazar, Bilaspur-Chhattisgarh'),
  ('Shri Khatu Shyam Jewellers', 'Bilaspur', 'Chhattisgarh', 'Behind Kosa Point Khaparganj, Bilaspur-Chhattisgarh'),
  ('Shri Leela Jewellers', 'Bilaspur', 'Chhattisgarh', 'Ward No 24 Telipara, Bilaspur-Chhattisgarh'),
  ('Shubhkamana Jewellers', 'Bilaspur', 'Chhattisgarh', 'Main Road Juna Bilaspur, Bilaspur-Chhattisgarh'),
  ('Anopchand Tilokchand Jewellers Flagship Store', 'Raipur', 'Chhattisgarh', 'Sadar Bazar Road, Raipur-Chhattisgarh'),
  ('Anopchand Tilokchand Jewellers Pvt Ltd', 'Raipur', 'Chhattisgarh', 'Anup Plaza Sadar Bazar, Raipur-Chhattisgarh'),
  ('Anopchand Tilokchand Jewellers Pvt.Ltd.', 'Raipur', 'Chhattisgarh', 'Sadar Bajar Kotwali Chowk, Raipur-Chhattisgarh'),
  ('J.J.Gems & Jewellers', 'Raipur', 'Chhattisgarh', 'Saddani Chowk Sadar Bazar, Raipur-Chhattisgarh'),
  ('Jewellers Sonia Sons', 'Raipur', 'Chhattisgarh', 'Main Road Sadar Bazar, Raipur-Chhattisgarh'),
  ('Navkar Jewellers', 'Raipur', 'Chhattisgarh', 'Malviya Road Sadar Bazar, Raipur-Chhattisgarh'),
  ('Samriddhi Jewellers', 'Raipur', 'Chhattisgarh', 'Bhansali Heights Sadar Bazar, Raipur-Chhattisgarh'),
  ('Shah Jethalal Jadavji Jewellers', 'Raipur', 'Chhattisgarh', 'Sadar Bazar, Raipur-Chhattisgarh'),
  ('Al Hamd Jewellers', 'Margao', 'Goa', 'Road Jogeshwari West, Mumbai'),
  ('Arihant Jewellers', 'Margao', 'Goa', 'Waghbil-Thane West, Thane'),
  ('Femina Gold Palace', 'Margao', 'Goa', 'Shanti Nagar Mira Road East, Thane'),
  ('Heritage Jewels', 'Margao', 'Goa', 'J P Road Andheri West, Mumbai'),
  ('Indriya', 'Margao', 'Goa', 'Market Road & Gulmohar Borivali West, Mumbai'),
  ('Kalamandir Jewellers Limited', 'Margao', 'Goa', 'Chandavarkar Rd Borivali West, Mumbai'),
  ('Omkar Gold', 'Margao', 'Goa', 'Global City-Virar West, Palghar'),
  ('Param Gold', 'Margao', 'Goa', 'Ramdev Park Mira Road East, Thane'),
  ('Tanishq Jewellery', 'Margao', 'Goa', 'S V Road Andheri West, Mumbai'),
  ('Anil Silvers', 'Panaji', 'Goa', 'Ghatla Road Chembur East, Mumbai'),
  ('Anmol Jewellers', 'Panaji', 'Goa', 'Samta Nagar Road Kandivali East, Mumbai'),
  ('Bhalchandra Govind Mirkar & Sons Jewellers', 'Panaji', 'Goa', 'Rammandir Road Borivali West, Mumbai'),
  ('Heritage Jewels', 'Panaji', 'Goa', 'J P Road Andheri West, Mumbai'),
  ('Indriya', 'Panaji', 'Goa', 'Nexus Seawoods Mall, Navi Mumbai'),
  ('Jai Ambika Jewellers', 'Panaji', 'Goa', 'Achole Road Nalasopara East, Palghar'),
  ('Jyotirling Jewellers', 'Panaji', 'Goa', 'Sector -35 Kamothe, Navi Mumbai'),
  ('Kanchan Jewellers', 'Panaji', 'Goa', 'Jerbal Wadia Road Parel, Mumbai'),
  ('Meghna Jewellers Pvt Ltd', 'Panaji', 'Goa', 'Sector 3 Nerul, Navi Mumbai'),
  ('Vishal Jewellers', 'Panaji', 'Goa', 'Sector No-11 Kharghar, Navi Mumbai'),
  ('Arihant Gold Palace', 'Ahmedabad', 'Gujarat', 'Radio Mirchi Road Satellite'),
  ('Gharena Jewellers', 'Ahmedabad', 'Gujarat', 'I O C Road Chandkheda'),
  ('Himatlal T Patadia Gems & Jewellers', 'Ahmedabad', 'Gujarat', 'Kalupur'),
  ('Indriya', 'Ahmedabad', 'Gujarat', 'Jodhpur Cross Road Satellite'),
  ('Kalamandir Jewellers Ltd', 'Ahmedabad', 'Gujarat', 'Nehru Nagar-Jodhpur Tekra'),
  ('M C Zaveri', 'Ahmedabad', 'Gujarat', 'Gala Gymkhana Road South Bopal'),
  ('Sonamahal Jewellers', 'Ahmedabad', 'Gujarat', 'Radio Mirchi Road Times Satellite'),
  ('Swastik Imitation', 'Ahmedabad', 'Gujarat', 'Adinath Nagar Part -1 Odhav Circle'),
  ('Vinayak Gold Palace', 'Ahmedabad', 'Gujarat', 'Haridarshan Cross Road Nava Naroda'),
  ('Aditya Jewellers', 'Rajkot', 'Gujarat', 'Soni Bazar Collectorate'),
  ('Dhanraj Jewels', 'Rajkot', 'Gujarat', 'Dhanraj Jewels Malaviya Chowk'),
  ('Jupiter Lifestyle Pvt. Ltd.,Jupiter Lifestyle', 'Rajkot', 'Gujarat', 'Royal Park St. No. 6 Kalavad Road'),
  ('Oms Group', 'Rajkot', 'Gujarat', 'Street No-4 Atika Industrial Area'),
  ('Popular Jewels', 'Rajkot', 'Gujarat', 'Akshar Marg Main Road Amin'),
  ('Shree Sai Jewellers', 'Rajkot', 'Gujarat', 'Golden Market. Shop No 33. Ground Floor Kotharia Naka'),
  ('Shree Tulja Jewellers Dholrawala', 'Rajkot', 'Gujarat', 'Mahadevvadi Main Road Bhaktinagar'),
  ('Shri Amrut Jewellers', 'Rajkot', 'Gujarat', 'Vishaveshwar Market Mavdi Main Road'),
  ('Soni Fashion', 'Rajkot', 'Gujarat', 'Parivar Park Main Road-Chandreshnagar'),
  ('Vagheshvari Gold Art', 'Rajkot', 'Gujarat', 'Yogi Chamber Boghani Street Sonibazar Yagnik Road'),
  ('A-One Jewellers', 'Surat', 'Gujarat', 'Ashara Market Chauta Bazaar, Surat'),
  ('Amideep Jewels', 'Surat', 'Gujarat', 'Simada Naka Nana Varaccha'),
  ('Arihant Gems and Jewellers Pvt Ltd', 'Surat', 'Gujarat', 'Black Jack Cinema Ghoddod Road, Surat'),
  ('Arihant Jewellers', 'Surat', 'Gujarat', 'Bhestan Char Rasta'),
  ('Charu Jewels', 'Surat', 'Gujarat', 'Rangila Cross Road Ghoddod Road, Surat'),
  ('D J Designer Jewellery', 'Surat', 'Gujarat', 'Pal Road Adajan Dn, Surat'),
  ('Divera Diamond Jewellery', 'Surat', 'Gujarat', 'Opp. Patel Samj Ni Wadi Katargam, Surat'),
  ('Gangaur Jewellers', 'Surat', 'Gujarat', 'Anand Mahal Road Adajan Dn, Surat'),
  ('Haveli Gold', 'Surat', 'Gujarat', 'Simada BRTS Road Nana Varaccha, Surat'),
  ('Indriya (Arihant Mall)', 'Surat', 'Gujarat', 'Ghoddod Road Athwa, Surat'),
  ('KHUSHALBHAI Jewellers', 'Surat', 'Gujarat', 'Opposite Ambika Niketan Bus Stop Parle Point, Surat'),
  ('Kalamandir Jewellers Limited', 'Surat', 'Gujarat', 'Gujarat 395007 Ghoddod Road, Surat'),
  ('Muddra Gems and Jewelary', 'Surat', 'Gujarat', 'Someshwar Square Vesu, Surat'),
  ('Navinchandra Hirachand Malji Jewellers', 'Surat', 'Gujarat', 'Ansuya Marg Gopipura, Surat'),
  ('Palaksh Jewelry', 'Surat', 'Gujarat', 'Mahidharpura Bhagal, Surat'),
  ('R S Sakhiya Diamond', 'Surat', 'Gujarat', 'Varachha Main Rod Road'),
  ('Rajwadi Gold Palace', 'Surat', 'Gujarat', NULL),
  ('Rameshwar Swarna Mandir Pvt Ltd', 'Surat', 'Gujarat', 'Near.paras Police Chowki Katargam, Surat'),
  ('Royal Jewellers', 'Surat', 'Gujarat', 'Baroda Pristage Varachha Road, Surat'),
  ('Shine Designs', 'Surat', 'Gujarat', 'Ascon city Citylight Road, Surat'),
  ('Shiv Krishna Diamond', 'Surat', 'Gujarat', 'Gayatri Nagar Socity -5 Katargam, Surat'),
  ('Swarna Kalash Jewellers', 'Surat', 'Gujarat', 'Timaliyawad Road Nanpura'),
  ('Swastik Jewellers', 'Surat', 'Gujarat', 'Marutidham Sarthana'),
  ('The Creative Box', 'Surat', 'Gujarat', 'Maharaj Farm Road Mota Varachha'),
  ('Umiya Gold Palace', 'Surat', 'Gujarat', 'Bhatar Main Road Bhatar Road, Surat'),
  ('Vishnu Jewellers', 'Surat', 'Gujarat', 'Bhavani Mata Road Bhagal, Surat'),
  ('Zota Jewel', 'Surat', 'Gujarat', 'Rangeelapark Ghoddod Road, Surat'),
  ('Arbuda Jewellers', 'Vadodara', 'Gujarat', 'Subhanpura Main Road'),
  ('Ashapuri Jewellers', 'Vadodara', 'Gujarat', 'Subhanpura Main Road'),
  ('Baroda Jewellers', 'Vadodara', 'Gujarat', 'Near Urmi Cross Roads Akota'),
  ('Kalamandir Jewellers Ltd', 'Vadodara', 'Gujarat', 'Shaktinath Circle Bharuch'),
  ('Maa Ashapuri Silver House', 'Vadodara', 'Gujarat', 'Subhanpura Main Road'),
  ('Mevada Jewellers', 'Vadodara', 'Gujarat', 'Karodiya Pole Ghadiyali'),
  ('N K Jewellers', 'Vadodara', 'Gujarat', 'Jetalpur Road Alkapuri'),
  ('Nandlal Jewellers', 'Vadodara', 'Gujarat', 'Water Tank Road Karelibaug'),
  ('Parovani Point', 'Vadodara', 'Gujarat', 'R C Dutt Road Alkapuri'),
  ('Radhika Jewellers', 'Vadodara', 'Gujarat', 'New Sama Road'),
  ('B.L & Sons Jewellers', 'Faridabad', 'Haryana', 'Gali No 10 Sangam Vihar, Delhi'),
  ('Caratlane', 'Faridabad', 'Haryana', '18th Milestone Faridabad Sector 20a'),
  ('Chand Gems And Jewellery Pvt. Ltd', 'Faridabad', 'Haryana', 'Gurudwara Road Faridabad NIT'),
  ('Durga Gold and Silver House', 'Faridabad', 'Haryana', 'Sharma Market Road Pul Prahladpur, Delhi'),
  ('Giva - Faridabad - Sector 15', 'Faridabad', 'Haryana', 'Faridabad Sector 12'),
  ('Jauhreez - Agarwal Abhushan Bhandar', 'Faridabad', 'Haryana', 'Sector 16 Faridabad'),
  ('PC Jeweller Ltd.', 'Faridabad', 'Haryana', 'Faridabad Nit'),
  ('Prabhu Dayal & Sons Jewellers Pvt Ltd. (Since 1967)', 'Faridabad', 'Haryana', 'Central Jewellery Market Madangir, Delhi'),
  ('Swastik Shree Jewellers', 'Faridabad', 'Haryana', 'Sector -29 Faridabad 29'),
  ('Tanishq', 'Faridabad', 'Haryana', 'Nehru Ground'),
  ('A D Jewellers', 'Gurgaon', 'Haryana', 'Vardhman City Mall Dwarka Sector 7, Delhi'),
  ('Aashirwad Jewellers', 'Gurgaon', 'Haryana', 'Huda Market Gurgaon Sector 14'),
  ('Dhirsons Jewellery House', 'Gurgaon', 'Haryana', 'Dhirsons Jewellery House Galleria DLF Iv'),
  ('Jiyo Created Diamonds & Jewellers', 'Gurgaon', 'Haryana', 'Sector 56 Gurgaon 57'),
  ('Naresh Jewellers Pvt Ltd', 'Gurgaon', 'Haryana', 'Raj Nagar 1-Palam Colony, Delhi'),
  ('P P Jewellers', 'Gurgaon', 'Haryana', 'Ramleela Ground Sadar Bazar'),
  ('Prabhu Dayal Malhotra & Sons Jewellers', 'Gurgaon', 'Haryana', 'Sohna Chowk Gurgaon'),
  ('Shree Giriraj Jewellers Since 2002', 'Gurgaon', 'Haryana', 'Late Seth Ram Avatar Market Gurugram Sadar Bazar'),
  ('Shri Raghuveer Jeweller Pvt Ltd', 'Gurgaon', 'Haryana', 'Munirka, Delhi'),
  ('Tanishq', 'Gurgaon', 'Haryana', 'Ambience Mall Sohna Road'),
  ('Aakash Jewellers', 'Shimla', 'HimachalPradesh', 'Oakley Estate Ram Bazar Shimla'),
  ('Caratlane', 'Shimla', 'HimachalPradesh', 'Mall Road Middle Bazar'),
  ('Fateh Chand Jewellers', 'Shimla', 'HimachalPradesh', 'The Mall Road'),
  ('Kiner Kailash Jewellers', 'Shimla', 'HimachalPradesh', 'Main Market Rampur Bushahr'),
  ('Lal Jee Jewellers', 'Shimla', 'HimachalPradesh', 'Main Road Lower Bazar'),
  ('Ratra Jewellers', 'Shimla', 'HimachalPradesh', 'Shoghi'),
  ('Tangri Jewellers', 'Shimla', 'HimachalPradesh', 'Lower Bazar'),
  ('Tanishq', 'Shimla', 'HimachalPradesh', 'Jankidas Building Mall Road'),
  ('Verma Jewellers', 'Shimla', 'HimachalPradesh', 'Main Bazaar Rohru'),
  ('Abhushan INDIA Pvt Ltd', 'Jamshedpur', 'Jharkhand', 'Sakchi Market'),
  ('Kangan Jewellers', 'Jamshedpur', 'Jharkhand', 'Baridih Market'),
  ('Laxmi Jewellery House', 'Jamshedpur', 'Jharkhand', 'Main Road Sakchi'),
  ('M R Jewellers', 'Jamshedpur', 'Jharkhand', 'Main Road Sakchi'),
  ('Mukesh Jewellers', 'Jamshedpur', 'Jharkhand', 'Tata Kandra Road Dindly Basti, Adityapur'),
  ('Narendra Keshavlal & Sons Jewellers', 'Jamshedpur', 'Jharkhand', 'New Purulia Road Mango'),
  ('New Sona Chandi Gold Cash', 'Jamshedpur', 'Jharkhand', 'Road No 11 Mango'),
  ('The Dacca Jewellery & Mina House', 'Jamshedpur', 'Jharkhand', 'Main Road Sakchi'),
  ('Uma Jewellery Works', 'Jamshedpur', 'Jharkhand', 'Kagalnagar Market Sonari'),
  ('Vinayak Jewellers', 'Jamshedpur', 'Jharkhand', 'Sakchi Market'),
  ('Abhushan Alankar Jewellers & Bartan', 'Ranchi', 'Jharkhand', 'DEVI MANDAP ROAD Hehal'),
  ('Gaytri Alankar Jewellers', 'Ranchi', 'Jharkhand', 'KD Road Khalari'),
  ('Jevar Jewellers', 'Ranchi', 'Jharkhand', 'Ali Building Ratu Road'),
  ('K.V.R Fashion Jewellers', 'Ranchi', 'Jharkhand', 'Latma Road Singh More'),
  ('Pearl House', 'Ranchi', 'Jharkhand', 'H B Road Tharpakhna'),
  ('Ranchi Silvers', 'Ranchi', 'Jharkhand', 'Mahatma Gandhi Main Road Ratu'),
  ('Shree Balajee Jewellers', 'Ranchi', 'Jharkhand', 'Near Gurudwara Mahatma Gandhi Main Road'),
  ('Sita Ram Jewellers', 'Ranchi', 'Jharkhand', 'Lake Road Ratu'),
  ('Sri Shyam Alankar Jewellers', 'Ranchi', 'Jharkhand', 'Main Road Mahatma Gandhi'),
  ('Tiru Bala Ji Jewellers Pvt Ltd', 'Ranchi', 'Jharkhand', 'Hinoo Main Road'),
  ('Daulath Krishna Jewellers Silver Palace', 'Bengaluru', 'Karnataka', 'Jewellers Street Commercial, Bangalore'),
  ('Makam Jewellers', 'Bengaluru', 'Karnataka', 'Banashankari 1st Stage, Bangalore'),
  ('Mandoth Jewellers and Bankers', 'Bengaluru', 'Karnataka', '8th Cross 4th Main Mysore Road, Bangalore'),
  ('Milan Jewellers', 'Bengaluru', 'Karnataka', 'Virat Nagar Main Road Bommanahalli, Bangalore'),
  ('Mivaan Fine Jewels', 'Bengaluru', 'Karnataka', '10th Main Road Jayanagar 4th Block, Bangalore'),
  ('New Mathaji Jewellers', 'Bengaluru', 'Karnataka', 'Arakere Main Road, Bangalore'),
  ('Nk Designers & Jewellerys', 'Bengaluru', 'Karnataka', '9th Main Road Vijayanagar, Bangalore'),
  ('Padmapriya jewellers', 'Bengaluru', 'Karnataka', '2nd Stage Hampinagar, Bangalore'),
  ('Prakash Jewellers', 'Bengaluru', 'Karnataka', '19th Main Road 1st Block Rajajinagar, Bangalore'),
  ('Sri Ganesh Diamonds & Jewellery', 'Bengaluru', 'Karnataka', '17th Cross 7th Sector HSR Layout, Bangalore'),
  ('Akshata Jewellers', 'Mangalore', 'Karnataka', 'Maidan West Road Bunder'),
  ('Era Italian Silver', 'Mangalore', 'Karnataka', 'City Centre Mall 3rd Floor Ks Rao Road'),
  ('G T C And Jewellery', 'Mangalore', 'Karnataka', 'Gollathill Kuntikana'),
  ('Haji Gold', 'Mangalore', 'Karnataka', 'NH 66 Thokottu'),
  ('Iqra Gold', 'Mangalore', 'Karnataka', 'Mission Street Bunder'),
  ('New Arun Jewellers', 'Mangalore', 'Karnataka', 'GHS Cross Road Bhavanthi Street'),
  ('Prasanna Jewellers', 'Mangalore', 'Karnataka', 'Market Road'),
  ('S L Shet Diamond House', 'Mangalore', 'Karnataka', 'Gandhinagar Lady Hill'),
  ('Sharmila Jewellery Bharath Finance', 'Mangalore', 'Karnataka', 'Balmatta Road Hampankatta'),
  ('Sri Laxmi Jewellers', 'Mangalore', 'Karnataka', 'Bolar Road'),
  ('A Shankara Chetty & Sons', 'Mysuru', 'Karnataka', 'Sayajji Rao Road Kr Circle Mysore, Mysore'),
  ('Chamundeshwari Gold & Silver', 'Mysuru', 'Karnataka', 'M G Koppal Main Road Hebbal, Mysore'),
  ('Cvr Jewellers', 'Mysuru', 'Karnataka', 'Kumbargeri Road Lashkar Mohalla, Mysore'),
  ('Cvr Luxury Family Store', 'Mysuru', 'Karnataka', 'Kr Hospital Road Gandhi Square, Mysore'),
  ('Guru Diamonds And Jewellery Works', 'Mysuru', 'Karnataka', 'Kurubarageri Lashkar Mohalla, Mysore'),
  ('Lalitha Jewellery Mart', 'Mysuru', 'Karnataka', 'Ashoka Road Lashkar Mohalla, Mysore'),
  ('New Shubhm Jewellers', 'Mysuru', 'Karnataka', 'KR Hospital Road Lashkar Mohalla, Mysore'),
  ('R R Jeweller', 'Mysuru', 'Karnataka', '9th Cross TK Layout, Mysore'),
  ('Sharada Jewellers', 'Mysuru', 'Karnataka', 'Devaraj Urs Road Devaraja Mohalla, Mysore'),
  ('Shree Vimaleshwara Jewellery Works', 'Mysuru', 'Karnataka', 'Basavanahalli Main Road Vijaynagar 4th Stage, Mysore'),
  ('Ishal Rental Jewellery', 'Kochi', 'Kerala', 'Pullupalam Road Kunnumpuram Kochi Fort, Ernakulam'),
  ('Khaira - Rental Jewellery', 'Kochi', 'Kerala', 'Pullupalam Roadkunnumpuram Road Kunnumupuram, Ernakulam'),
  ('Kollam Supreme', 'Kochi', 'Kerala', 'Convent Junction Amaravathy'),
  ('Lulu Fashion Jewellery', 'Kochi', 'Kerala', 'Pullupalam Road Kunnumupuram'),
  ('Nakshatra Gold and Diamonds', 'Kochi', 'Kerala', 'Aroor Thopumpady Road Thoppumpady, Ernakulam'),
  ('Palace Jewellery', 'Kochi', 'Kerala', 'Palace Road Mattancherry, Ernakulam'),
  ('Rajadhani Jewellery', 'Kochi', 'Kerala', 'Edappally Pukkattupady Road Edapally, Ernakulam'),
  ('Amaya The Jewel Boutique', 'Kozhikode', 'Kerala', 'Thondayad Bypass Bhayankav Road'),
  ('Cammilli Diamond and Gold', 'Kozhikode', 'Kerala', 'Mavoor Road Parayanchery'),
  ('Diya Gold And Diamonds', 'Kozhikode', 'Kerala', 'Iritty Perambra'),
  ('IMG GOLD BUYERS', 'Kozhikode', 'Kerala', 'Vandipetta Junction'),
  ('Jewellery By La Broiche', 'Kozhikode', 'Kerala', 'Pm Kutty Road East Nadakkave'),
  ('MINAR FASHION JEWELLERY', 'Kozhikode', 'Kerala', 'S.M.STREET Palayam'),
  ('Nirmaliyam Jewellery', 'Kozhikode', 'Kerala', 'Mele Palayam Road S M Street'),
  ('Sai Pearls & Gems', 'Kozhikode', 'Kerala', 'Ram Mohan Road Calicut'),
  ('Shazana Gold and Diamond', 'Kozhikode', 'Kerala', 'Mini Bypass Road Mankave'),
  ('Silver Shop', 'Kozhikode', 'Kerala', 'Queens Road Vadakara Bazar'),
  ('Malavika Jewellers', 'Thiruvananthapuram', 'Kerala', 'Aryasala'),
  ('Manjali Thrissur Fashion Jewellers', 'Thiruvananthapuram', 'Kerala', 'Manjali Jewellers Attingal'),
  ('Oh By Ozy', 'Thiruvananthapuram', 'Kerala', 'Peroor Nagar Kowdiar'),
  ('PereppadanS Gold & Diamonds', 'Thiruvananthapuram', 'Kerala', 'Layathil Building Nedumangad'),
  ('Phoenix Gold and Silver', 'Thiruvananthapuram', 'Kerala', 'Main Road Nedumangadu'),
  ('Sree Ajaya Jewellery', 'Thiruvananthapuram', 'Kerala', 'Kottakkakom Thiruvananthapuram Fort'),
  ('Sree Subbiah Jewellers', 'Thiruvananthapuram', 'Kerala', 'Balaramapuram Main Road-Balaramapuram'),
  ('Subbiah Jewellery', 'Thiruvananthapuram', 'Kerala', 'inside Fort Thiruvananthapuram'),
  ('Theertham Jewellers', 'Thiruvananthapuram', 'Kerala', 'Thiruvananthapuram Neyyar Dam Road Thirumala'),
  ('Thrissur Grace Jewellery', 'Thiruvananthapuram', 'Kerala', 'Thirumala'),
  ('Agarwal Diamond', 'Bhopal', 'MadhyaPradesh', 'Platinum Plaza Tt Nagar'),
  ('Amrapali Jewellers', 'Bhopal', 'MadhyaPradesh', 'Counter Market New'),
  ('Amrapali Jewellers Ratan Showroom', 'Bhopal', 'MadhyaPradesh', '10 No. Market Arera Colony'),
  ('Chandrapushp Johari Jewellers', 'Bhopal', 'MadhyaPradesh', 'Ultimate Plaza-1 Reliance Fresh Building Kolar Road'),
  ('Johri Bandhu Jewellers', 'Bhopal', 'MadhyaPradesh', '10 No Market Arera Colony'),
  ('Kisna Diamond & Gold Jewellery', 'Bhopal', 'MadhyaPradesh', 'RajBhawan Road Malviya Nagar'),
  ('Krishnam Jewellers', 'Bhopal', 'MadhyaPradesh', 'New Market Tt Nagar'),
  ('New Shri Krishna Jewellers', 'Bhopal', 'MadhyaPradesh', 'Minal Shopping Street J K Road'),
  ('Shree Ganesh Jewellers', 'Bhopal', 'MadhyaPradesh', 'G-3/361-362 Abhinav Appartment Gulmohar Colony'),
  ('Swarna Sukh', 'Bhopal', 'MadhyaPradesh', 'Mandakini Sqaure Kolar Road'),
  ('Agarwal Jewellers', 'Gwalior', 'MadhyaPradesh', 'Moti Mall Daulatganj'),
  ('Ganpat Lal Keshrimal Jewellers', 'Gwalior', 'MadhyaPradesh', 'Laddu Wala Complex Sarafa Bazar'),
  ('Manish Jewellers', 'Gwalior', 'MadhyaPradesh', 'Inderganj Chauraha Lashkar'),
  ('Muskan Jewellers', 'Gwalior', 'MadhyaPradesh', 'Near Sanjay Traders Lashkar'),
  ('Ornam Jewellers', 'Gwalior', 'MadhyaPradesh', 'Bada Lashkar'),
  ('Rama Jewellers', 'Gwalior', 'MadhyaPradesh', 'Heera Panna Complex Shop No 1 Gruond Floor Lashkar'),
  ('Ratanlal Saraf Jewellers', 'Gwalior', 'MadhyaPradesh', 'Sarafa Bajar Lashkar'),
  ('Siddhivinayak Jewellers', 'Gwalior', 'MadhyaPradesh', 'Chetnis Ki Goth Lashkar'),
  ('Suvarna Jewels', 'Gwalior', 'MadhyaPradesh', 'Sarafa Bazar Lashkar'),
  ('Wedding Point', 'Gwalior', 'MadhyaPradesh', 'Bada Road Lashkar'),
  ('Banarasi Jewellers', 'Indore', 'MadhyaPradesh', 'Patnipura Main Road Malwa Mill'),
  ('Indriya', 'Indore', 'MadhyaPradesh', 'Mahatma Gandhi Road Race Course'),
  ('Jewellers Madanlal Chhaganlal', 'Indore', 'MadhyaPradesh', 'MG Road Indore'),
  ('Jewellers Nanabhai', 'Indore', 'MadhyaPradesh', 'Race Course Road'),
  ('Maanik Jewellers', 'Indore', 'MadhyaPradesh', 'M R 1 SECTOR Mahalaxmi Nagar'),
  ('New Krishna Jewellers', 'Indore', 'MadhyaPradesh', 'Nariman Point Road Mahalaxmi Nagar'),
  ('Rajat Gems & Jewelleries', 'Indore', 'MadhyaPradesh', '570 M G Road MG Indore'),
  ('Ratna House Jewel', 'Indore', 'MadhyaPradesh', 'Gold Plaza Nipania Indore'),
  ('Vishal Jewellers', 'Indore', 'MadhyaPradesh', 'Ab Road Manglia'),
  ('Yashika Jewellers', 'Indore', 'MadhyaPradesh', 'Nanda Nagar Main Road'),
  ('Abhushan Jewellers', 'Mumbai', 'Maharashtra', 'N G Park Dahisar East'),
  ('Arihant Jewellers', 'Mumbai', 'Maharashtra', 'Waghbil-Thane West, Thane'),
  ('Chandukaka Saraf Pvt Ltd', 'Mumbai', 'Maharashtra', 'Vadudev Balwant Phadke Road Panvel, Navi Mumbai'),
  ('Deepak Jewellers', 'Mumbai', 'Maharashtra', 'Station Road Jogeshwari East'),
  ('Dev Bhairav Jewellers', 'Mumbai', 'Maharashtra', 'Mahalaxmi Nagar Auto Stand Ambernath, Thane'),
  ('Dinesh Jewellers', 'Mumbai', 'Maharashtra', 'Prem Nagar Jogeshwari East'),
  ('Heritage Jewels', 'Mumbai', 'Maharashtra', 'J P Road Andheri West'),
  ('Indriya (R City Mall)', 'Mumbai', 'Maharashtra', 'Lal Bahadur Shastri Marg Ghatkopar West'),
  ('J S J', 'Mumbai', 'Maharashtra', 'Andheri West Link Road'),
  ('Tanishq Jewellery', 'Mumbai', 'Maharashtra', 'S V Road Andheri West'),
  ('Bafna Jewellers', 'Nagpur', 'Maharashtra', 'Nikalas Mandir Road Near Kothari Jeweelers Itwari'),
  ('Bgr Walokar Jewellers', 'Nagpur', 'Maharashtra', 'Sarafa Bazaar Itwari'),
  ('Chimurkar Brothers Jewellers', 'Nagpur', 'Maharashtra', 'Sarafa Bazar Itwari'),
  ('Karan Kothari Jewellers', 'Nagpur', 'Maharashtra', 'Nikalas Mandir Road Itwari'),
  ('Londe Jewellers', 'Nagpur', 'Maharashtra', 'Bazar Road Gokulpeth'),
  ('M. Dhomne Jewellers', 'Nagpur', 'Maharashtra', 'Himalaya Excellence Pratap Nagar'),
  ('Parekh Brothers Jewellers', 'Nagpur', 'Maharashtra', 'WHC Road Shankar Nagar'),
  ('Pramod Jewellers & Gift Centre', 'Nagpur', 'Maharashtra', 'Hingana Road Nagpur MIDC'),
  ('Rokde Jewellers', 'Nagpur', 'Maharashtra', 'Badkas Chowk Mahal'),
  ('SHREE JEWELLERS & SAREES', 'Nagpur', 'Maharashtra', 'Sadachar Society Wadi'),
  ('A S Ashtekar Saraf', 'Nashik', 'Maharashtra', 'Railway Station Road Nashik'),
  ('Aarya Jewellers', 'Nashik', 'Maharashtra', 'Jatra Hotel to Nadur Naka Road Panchavati'),
  ('Arvind Jewellers', 'Nashik', 'Maharashtra', 'Saraf Bazar Road'),
  ('Deepak Jewellers', 'Nashik', 'Maharashtra', 'Shivaji Chowk Ojhar'),
  ('Kulswamini Jewellers Jalgaonkar', 'Nashik', 'Maharashtra', 'Wadala-Pathardi Road Indira Nagar Nashik'),
  ('Ms Narayan Gopalsheth Adgaonkar', 'Nashik', 'Maharashtra', 'Shop No. 912 Saraf Bazar'),
  ('Nrutyaa Diamond Jewellery', 'Nashik', 'Maharashtra', 'Sant Gajanan Maharaj Marg Saraf Bazar'),
  ('Pournima Jewellers', 'Nashik', 'Maharashtra', 'Sahil Sharwari Recidency Satpur'),
  ('VADNERE SARAF', 'Nashik', 'Maharashtra', 'Gangapur Road'),
  ('Yashwant Martand Maind', 'Nashik', 'Maharashtra', 'Pagadbandh Lane Dahipool Nehru Chowk'),
  ('Gold Mart Jewellers', 'Pune', 'Maharashtra', 'Main Road Pune Station'),
  ('Indriya', 'Pune', 'Maharashtra', 'Bund Garden Road Sangamwadi'),
  ('Pawan Jewellers', 'Pune', 'Maharashtra', 'Magar Ali Road Hadapsar'),
  ('RMK Jewellers', 'Pune', 'Maharashtra', 'Chatrapati Shivaji Maharaj Chowk Hinjewadi'),
  ('Ratnamani Gems and Jewellery', 'Pune', 'Maharashtra', 'Old Pune Nashik Highway Pimpalgaon Tarfa Narayangaon'),
  ('Shri Jagdamba Jewellers', 'Pune', 'Maharashtra', 'Patil Nagar Road Chikhali'),
  ('Shri Radhe Pearls', 'Pune', 'Maharashtra', 'Stellar Enclave Shop No-2 Aundh'),
  ('Tapadia Jewellers', 'Pune', 'Maharashtra', 'Chandrika Society Bibvewadi'),
  ('V K MALI JEWELLERS', 'Pune', 'Maharashtra', 'Dehu Yelwadi Road'),
  ('Carat Lane', 'Imphal', 'Manipur', 'Thagmeiband Dm College manipur'),
  ('Gomti Jewellery Cum Handloom House', 'Imphal', 'Manipur', 'Lamphelpat'),
  ('Hakim Jewellery', 'Imphal', 'Manipur', 'Masjid Road Imphal Bazar'),
  ('Jash Kangabam', 'Imphal', 'Manipur', 'Kangabam Leikai Sagolband Thingom'),
  ('Krishna Prasad Gemstone And Jewellery', 'Imphal', 'Manipur', 'Urirei Market Thangal Bazar'),
  ('Manikchand Jewellers', 'Imphal', 'Manipur', 'Rims Road Uripok'),
  ('Rm Jewellers', 'Imphal', 'Manipur', 'Wahengbam Leikai manipur'),
  ('S R Jewellery', 'Imphal', 'Manipur', 'Mayai Lambi Road'),
  ('Shree Manikumar Jewellers', 'Imphal', 'Manipur', 'Wahengbam Leikai Imphal West Thangal Bazar'),
  ('Tanishq', 'Imphal', 'Manipur', 'D M College Road Thangmeiband'),
  ('Aarohana.Official (Crystal)', 'Shillong', 'Meghalaya', 'College Laban'),
  ('Lafsana Jewellery', 'Shillong', 'Meghalaya', 'New Kenches Trace Lumshatsngi Bishnupur Ekh'),
  ('M P J Jewellers', 'Shillong', 'Meghalaya', 'Store No 3 2nd Floor Marba Hub Police Bazar'),
  ('Manik Chand Jewellers', 'Shillong', 'Meghalaya', 'Jail Road Police Bazar'),
  ('Santoshi Jewellers', 'Shillong', 'Meghalaya', '4th Furlong Police Bazar'),
  ('Sham Singh Jewellers', 'Shillong', 'Meghalaya', 'G S Road Bara Bazar'),
  ('Soumya Jewellers', 'Shillong', 'Meghalaya', 'Keating Road Police Bazar'),
  ('Star Jewellers', 'Shillong', 'Meghalaya', 'Jail Road Police Bazar'),
  ('Swarnadeep Jewellers', 'Shillong', 'Meghalaya', 'Jail Road Police Bazar'),
  ('Trreasure Hut', 'Shillong', 'Meghalaya', 'Jingkieng Nongthymmai Road'),
  ('Caratlane', 'Aizawl', 'Mizoram', 'Dawrpui V Thanga Street'),
  ('M S Goldsmith', 'Aizawl', 'Mizoram', 'Zarkawt Main Street Dawrpui'),
  ('Manisha Jewellery', 'Aizawl', 'Mizoram', 'Sibnagar, North Tripura'),
  ('Mia By Tanishq', 'Aizawl', 'Mizoram', 'House No 80/30 Zakamolva Building Jail Veng'),
  ('Nirmala Jewellers', 'Aizawl', 'Mizoram', 'Lanemain Road Dawrpui'),
  ('Remna Gold & Jewellery (Rgj Goldsmith)', 'Aizawl', 'Mizoram', 'Sangchia Biulding Bethel Bazar Venglai, Champhai'),
  ('Silver Paradise', 'Aizawl', 'Mizoram', 'Chanmari'),
  ('Sparks', 'Aizawl', 'Mizoram', 'Mg Road Khatla'),
  ('T B C Store Wholesale And Retail', 'Aizawl', 'Mizoram', 'Zion Street Dawrpui'),
  ('Zopa Gold Smith', 'Aizawl', 'Mizoram', 'Zodin Main Street'),
  ('Bonafide', 'Kohima', 'Nagaland', 'National Highway 61 Kohima Lower Agri'),
  ('Ishaan Jewellers', 'Kohima', 'Nagaland', 'Nh29 Chumukeidma Chumukedima, Dimapur'),
  ('Kk Sunari Shop', 'Kohima', 'Nagaland', 'Post Office Road Naga Bazar'),
  ('Life Style (Sonu)', 'Kohima', 'Nagaland', 'Raju Point Lower Agri'),
  ('MiachicO jewellery Shop', 'Kohima', 'Nagaland', 'Kohimamokokchung Road High School Junction'),
  ('Paul Jewellers', 'Kohima', 'Nagaland', 'Railway Colony, Dimapur'),
  ('Rj & Sons', 'Kohima', 'Nagaland', 'C Y Complex Daklane'),
  ('Suman Jewellers', 'Kohima', 'Nagaland', 'Dimapur Bazar, Dimapur'),
  ('Tanishq', 'Kohima', 'Nagaland', 'Kohima Road Dimapur Bazar, Dimapur'),
  ('YSR Pearls', 'Kohima', 'Nagaland', 'Model Village, Dimapur'),
  ('Anil Jewellers', 'Bhubaneswar', 'Odisha', 'N G Acharya Marg Chembur East, Mumbai'),
  ('Anil Silvers', 'Bhubaneswar', 'Odisha', 'Ghatla Road Chembur East, Mumbai'),
  ('Chandukaka Saraf Pvt Ltd', 'Bhubaneswar', 'Odisha', 'Vadudev Balwant Phadke Road Panvel, Navi Mumbai'),
  ('Femina Gold Palace', 'Bhubaneswar', 'Odisha', 'Shanti Nagar Mira Road East, Thane'),
  ('Heritage Jewels', 'Bhubaneswar', 'Odisha', 'J P Road Andheri West, Mumbai'),
  ('Indriya', 'Bhubaneswar', 'Odisha', 'Nexus Seawoods Mall, Navi Mumbai'),
  ('Indriya (R City Mall)', 'Bhubaneswar', 'Odisha', 'Lal Bahadur Shastri Marg Ghatkopar West, Mumbai'),
  ('Kalamandir Jewellers Limited', 'Bhubaneswar', 'Odisha', 'Chandavarkar Rd Borivali West, Mumbai'),
  ('Manisha Art Jewellers', 'Bhubaneswar', 'Odisha', 'S V Road Borivali West, Mumbai'),
  ('Vishal Jewellers', 'Bhubaneswar', 'Odisha', 'Bhabola Naka Vasai West, Palghar'),
  ('916 Kashinath Jewellers', 'Cuttack', 'Odisha', 'Nayasadak'),
  ('Agarwal Diamond Jewellers', 'Cuttack', 'Odisha', 'Howrah Motors Chowk Cantonment Road'),
  ('Chandi Bhandar', 'Cuttack', 'Odisha', 'Cantonment Road Buxi Bazaar'),
  ('Hemji Jewellers', 'Cuttack', 'Odisha', 'Holding No -55 Nayasadak'),
  ('Hemraj Jewellers', 'Cuttack', 'Odisha', 'Nayasadak'),
  ('Kgn Jewellery', 'Cuttack', 'Odisha', 'Mission Road Buxibazar'),
  ('Khimji Jewellers', 'Cuttack', 'Odisha', 'Main Road Cantonment'),
  ('Shree Collection', 'Cuttack', 'Odisha', 'In Front Of HDFC ATM Tulsipur'),
  ('Swarna Alankar Jewellers', 'Cuttack', 'Odisha', 'High Court Square Cuttack'),
  ('Vinayaklal Jewellers', 'Cuttack', 'Odisha', 'Nayasadak'),
  ('Amar and Sons Jewellers', 'Amritsar', 'Punjab', 'Ajnala Road-Raja Sansi'),
  ('Ashish jewellers', 'Amritsar', 'Punjab', 'Sultanwind Road Chowk Tahli Wala'),
  ('Billa Jewellers', 'Amritsar', 'Punjab', 'Bazar Bakarwana Atta Mandi'),
  ('Gurdeep Singh & Sons Jewellers', 'Amritsar', 'Punjab', 'Sarwarpura Chowk Tahli Wala'),
  ('Kimti Lal & Sons', 'Amritsar', 'Punjab', 'Street No. 6 Chowk Tahli Wala'),
  ('M Kaur Jewellers', 'Amritsar', 'Punjab', 'Mall Road Kennedy Avenue'),
  ('Piara Singh & Sons', 'Amritsar', 'Punjab', 'Sultanwind Road'),
  ('Raj Kumar & Sons Jewellers', 'Amritsar', 'Punjab', 'Shop 3 Main Katra Ahluwalia'),
  ('Shri Guru Ram Dass Jewellers', 'Amritsar', 'Punjab', 'Chowk Tahli Wala'),
  ('Shri Sahib Jewellers', 'Amritsar', 'Punjab', 'Guru Bazar Amritsar Colony'),
  ('Bhatia & Company Nagan Wale', 'Jalandhar', 'Punjab', 'Sarafan Bazar Jalandhar City'),
  ('Chaman Lal Subhash Chander Jewellers Legacy Pvt Ltd', 'Jalandhar', 'Punjab', 'MANDI ROAD Nurmahal, Nurmahal'),
  ('Devki Nandan Meharchand Sekhri Jewellers', 'Jalandhar', 'Punjab', 'Bartan Bazar Chowk Sudan Attari'),
  ('Gems INDIA', 'Jalandhar', 'Punjab', 'Near HDFC Bank Jalandhar City'),
  ('Kanda Jewellers', 'Jalandhar', 'Punjab', 'Cantt Road Jalandhar'),
  ('Palak Traders', 'Jalandhar', 'Punjab', 'Atari Bazaar Lal Jalandhar City'),
  ('RS Gold Byers - Sell Your Gold For Cash', 'Jalandhar', 'Punjab', 'Model Town'),
  ('Satnam Gems & Jewellery', 'Jalandhar', 'Punjab', 'Sheikhan Bazar'),
  ('Shree Ganpati Jewellers', 'Jalandhar', 'Punjab', 'G.t Road Jalandhar'),
  ('Varun Jewellers', 'Jalandhar', 'Punjab', 'Model Town Road Jyothi Chowk'),
  ('Canady Jewellers (Rummi Wale)', 'Ludhiana', 'Punjab', 'Bazar Missrepura Jagraon, Jagraon'),
  ('Gupta Art Jewellery', 'Ludhiana', 'Punjab', 'Near Bus Stand Jawahar Nagar'),
  ('Jain Silver Creations Or Momentz', 'Ludhiana', 'Punjab', 'College Road Fountain Chowk'),
  ('Mona Traderss', 'Ludhiana', 'Punjab', 'Mini Gurmandi Chaura Bazar'),
  ('Panjaab Jewellers', 'Ludhiana', 'Punjab', 'Pakhowal Road Jodhan'),
  ('Pink City Handicraft', 'Ludhiana', 'Punjab', 'Ghumar Mandi'),
  ('Raghbir Jewellers', 'Ludhiana', 'Punjab', 'St No 4 Janta Nagar'),
  ('V P Jewellers', 'Ludhiana', 'Punjab', 'Kohara Road Sanehwal'),
  ('VIRK Jewellers', 'Ludhiana', 'Punjab', 'Raikot Road Mullanpur'),
  ('WAZIR JEWELLERS', 'Ludhiana', 'Punjab', 'Gill Road Dashmesh Nagar'),
  ('Balaji Jewellers', 'Jaipur', 'Rajasthan', 'Chitrakoot Marg Scheme'),
  ('Daulatram Churuwala And Sons (DRS)', 'Jaipur', 'Rajasthan', 'Jhalaniyo Ka Rasta Chandpole Bazar'),
  ('Indriya', 'Jaipur', 'Rajasthan', 'Amrapali Marg Vaishali Nagar'),
  ('JKJ & Sons Jewellers', 'Jaipur', 'Rajasthan', 'BO Amrpali Marg Tonk Road'),
  ('JKJ Jewellers', 'Jaipur', 'Rajasthan', 'Madhyam Marg Mansarovar'),
  ('Jmj Jewellers', 'Jaipur', 'Rajasthan', '11/5 Mansarovar'),
  ('Khandelwal Jewellers', 'Jaipur', 'Rajasthan', 'Gopal Ji Ka Rasta Johri Bazar'),
  ('Orissa Jewels', 'Jaipur', 'Rajasthan', 'Post Box No. 211 Kishanpole Bazar'),
  ('Psj Jewellers', 'Jaipur', 'Rajasthan', 'Mangal Nagar Road Sirsi'),
  ('Psj Jewellers Jaipur', 'Jaipur', 'Rajasthan', 'Goutam Marg /Hanuman Nagar Vaishali'),
  ('Hari Jwellers', 'Jodhpur', 'Rajasthan', 'Chopasni Ganv Gopal Bari'),
  ('Kawaakari Silver Jewellery', 'Jodhpur', 'Rajasthan', '105Ajeet Colony Ratanada'),
  ('Ladli Imitation', 'Jodhpur', 'Rajasthan', 'Opposite Jindalsons Sardarpura'),
  ('Mahalaxmi Jewellers', 'Jodhpur', 'Rajasthan', 'Laxmi Nagar Paotha C Road'),
  ('Pure Gold Jodhpur', 'Jodhpur', 'Rajasthan', 'Shastri Nagar'),
  ('Radha Rani Artificial Jewellery', 'Jodhpur', 'Rajasthan', 'Sangaria Road'),
  ('Shivaji Jewellers', 'Jodhpur', 'Rajasthan', 'Sector 4 Kudi Bhagtasni Housing Board'),
  ('Shree Dwareka Dheesh Jewellerys', 'Jodhpur', 'Rajasthan', 'Main Salawas Road Sangaria'),
  ('Shree Kana Jewellers', 'Jodhpur', 'Rajasthan', 'Guda Road Jhalamand'),
  ('Vardhaman Jewellers', 'Jodhpur', 'Rajasthan', 'B Road Sardarpura'),
  ('Alankar Jewellers', 'Udaipur', 'Rajasthan', 'Court Circle Udaipur Ho, Udaipur-Rajasthan'),
  ('Ambesh Jewellers', 'Udaipur', 'Rajasthan', 'Jagdish Chock Udaipur Surajpole, Udaipur-Rajasthan'),
  ('Auric Jewels', 'Udaipur', 'Rajasthan', 'Panchwati, Udaipur-Rajasthan'),
  ('K T School Uniform', 'Udaipur', 'Rajasthan', 'Main Road Hiran Magri, Udaipur-Rajasthan'),
  ('Pristine Jewels', 'Udaipur', 'Rajasthan', 'Hiren Magri Sector 4 Udaipur, Udaipur-Rajasthan'),
  ('RR Gems & Jewels', 'Udaipur', 'Rajasthan', 'Clock Tower Road Udaipur Surajpole, Udaipur-rajasthan'),
  ('RoopShree Art Jewellery', 'Udaipur', 'Rajasthan', 'Sindhi Bazar Udaipur Surajpole, Udaipur-Rajasthan'),
  ('Rp Gold 1gm', 'Udaipur', 'Rajasthan', 'Chanakya Puri Udaipur Sector 4, Udaipur-Rajasthan'),
  ('Shree R B Jewellers', 'Udaipur', 'Rajasthan', 'Haridas Ji Ki Magri Udaipur Surajpole, Udaipur-Rajasthan'),
  ('Sunder Jewellers', 'Udaipur', 'Rajasthan', 'Bhatt Ji Ki Badi Udaipur Surajpole, Udaipur-Rajasthan'),
  ('Chakravarti Verma Jewellers', 'Gangtok', 'Sikkim', 'Tibet Road Vishal Gaon'),
  ('Pieces Of Me', 'Gangtok', 'Sikkim', 'Vishal Gaon'),
  ('Pristine', 'Gangtok', 'Sikkim', 'MG Marg Vishal Gaon'),
  ('Ram Chandra Pradeep Kumar Jewellers', 'Gangtok', 'Sikkim', 'Gangtok Bazar'),
  ('Ramchandra Rajkumar Jewellers', 'Gangtok', 'Sikkim', 'Ranipool'),
  ('Senco Gold & Diamonds', 'Gangtok', 'Sikkim', 'Mahatma Gandhi Marg Arithang'),
  ('Shakya Jewellers', 'Gangtok', 'Sikkim', 'Marg Vishal Gaon'),
  ('Shree Ganapati Jewellers', 'Gangtok', 'Sikkim', 'Lall Bazaar Vishal Gaon'),
  ('Z & C Jewellers', 'Gangtok', 'Sikkim', 'M G Marg Gangtok Bazar'),
  ('Dev Silver & Gold', 'Chennai', 'TamilNadu', 'Dev Square Sowcarpet'),
  ('Goutham Jewellers', 'Chennai', 'TamilNadu', 'Jeenis Road Saidapet'),
  ('Gowry Jewellery Mart', 'Chennai', 'TamilNadu', 'Pycrofts Road Triplicane'),
  ('Jayaram Jewellers', 'Chennai', 'TamilNadu', 'Gandhi Road Alwarthirunagar'),
  ('Jhillmill Fashion Jewellery', 'Chennai', 'TamilNadu', 'Pinjala Subramaniam Street T Nagar'),
  ('Konika Jewellery Pvt Ltd', 'Chennai', 'TamilNadu', 'NSC Bose Road Sowcarpet'),
  ('Mahaveer Gold Palace', 'Chennai', 'TamilNadu', 'Nehru Nagar 2nd Avenue Anna'),
  ('Om Sri Viswakarama Gold Company', 'Chennai', 'TamilNadu', 'Park Town'),
  ('Omr Bazaar Street', 'Chennai', 'TamilNadu', 'OMR Road Navalur'),
  ('Swarna Maligai Jewellery', 'Chennai', 'TamilNadu', '4th Main Road Nanganallur'),
  ('Akshaya Jewellery', 'Coimbatore', 'TamilNadu', 'Visjwa Apartment Nts Coimbatore Ho'),
  ('Dhruva Diamonds and Jewels', 'Coimbatore', 'TamilNadu', '287 Karuppa Goundar St Town Hall'),
  ('Jeeva Trenz', 'Coimbatore', 'TamilNadu', 'T V RS Puram Coimbatore'),
  ('Kumaran Chain Shop', 'Coimbatore', 'TamilNadu', 'Raja Street Town Hall'),
  ('Sree Ranga Jewellers', 'Coimbatore', 'TamilNadu', 'Railway Station Road Mettupalayam'),
  ('Sri Mahalakshmi Jewellers', 'Coimbatore', 'TamilNadu', 'Big Bazaar Street Town Hall'),
  ('Sri Mangalam Jewellery', 'Coimbatore', 'TamilNadu', 'Cross Cut Road Gandhipuram Coimbatore'),
  ('Sri Muhurtha Jewels', 'Coimbatore', 'TamilNadu', 'Big Bazaar Street Town Hall'),
  ('Vidhyass Designer Jewellers Boutique', 'Coimbatore', 'TamilNadu', 'Father Roundy Street Rs Puram Coimbatore'),
  ('Viyaan Jewellery', 'Coimbatore', 'TamilNadu', 'Athirshata Lakshmi Garden Kavundampalayam'),
  ('Balan Jewellers', 'Madurai', 'TamilNadu', 'South Avani Moola Street Anand Events'),
  ('Gkv Gold', 'Madurai', 'TamilNadu', 'Sokkapanayakan Street South Madurai Bazaar'),
  ('SRI Puspha Nagaimaligai', 'Madurai', 'TamilNadu', 'South Avani Moola Street Madurai Bazaar'),
  ('Seenu Jewellery', 'Madurai', 'TamilNadu', 'South Avani Moolai Street Madurai Bazaar'),
  ('Siva Thanga Meenakshi Jewellers', 'Madurai', 'TamilNadu', 'South Avani Moola Street Masi'),
  ('Sreenivasan Jewellery', 'Madurai', 'TamilNadu', 'Alagarkovil Main Road K Pudhur'),
  ('Sri Balambigai Jewellery Mart', 'Madurai', 'TamilNadu', 'Sourastra High School Road Madurai Bazaar'),
  ('Sri Kamatchi Jewellers', 'Madurai', 'TamilNadu', 'South Avani Moola Street Madurai Bazaar'),
  ('Sri Muthu Jewellers', 'Madurai', 'TamilNadu', 'New cinema Bazzar Madurai Bazaar'),
  ('Sri Thanga Meenakshi Jewellers', 'Madurai', 'TamilNadu', 'South Avani Moola Street Madurai Bazaar'),
  ('Indriya', 'Hyderabad', 'Telangana', 'Main Road Kondapur'),
  ('Jauhari Jewellers Crafted For You', 'Hyderabad', 'Telangana', '7 Tombs Road Toli Chowki'),
  ('Krishna Jewellers', 'Hyderabad', 'Telangana', 'Bandlaguda Jagir-Kismatpura'),
  ('Ksb Gold Works', 'Hyderabad', 'Telangana', 'S R Infra Tirumala Heights Jeedimetla'),
  ('Lotus Silver Jewellery', 'Hyderabad', 'Telangana', 'Dwarakapuri Colony Road Punjagutta'),
  ('R R Jewellers', 'Hyderabad', 'Telangana', 'Sriram Nagar Colony Kondapur'),
  ('Rajshree Jewellers', 'Hyderabad', 'Telangana', 'Puppalaguda Manikonda'),
  ('The Diamond Store By Chandubhai', 'Hyderabad', 'Telangana', 'Road Number 36 Jubilee Hills'),
  ('Vega Jewellers', 'Hyderabad', 'Telangana', 'Road No 36 Jubilee Hills'),
  ('Aparana Jewellers', 'Warangal', 'Telangana', 'RNT Road Hanamkonda'),
  ('Jayanthi Diamonds & Jewellers Pvt Ltd', 'Warangal', 'Telangana', 'Narendra Centre Venkatarayapuram, Tanuku'),
  ('Kothakonda Silver Palace Jewellers & Gems', 'Warangal', 'Telangana', 'Hanamakonda 1-7-126 Hanamkonda'),
  ('Padmavathi Jewellers', 'Warangal', 'Telangana', 'Gopalpur Bheemaram'),
  ('SAI Maruthi Jewellers Show Room', 'Warangal', 'Telangana', 'Bhupalpally Bhupalapalli'),
  ('Siri Pearls & Jewellers', 'Warangal', 'Telangana', 'C.P.Reddy Complex Hanamkonda'),
  ('Soumya Jewellers', 'Warangal', 'Telangana', 'Tailors Street. Hanamkonda'),
  ('Sumangali Sarees And Ladies Emporium', 'Warangal', 'Telangana', 'Grain Market Road Kashibugga'),
  ('Venus Jewellers', 'Warangal', 'Telangana', 'Chowrastha Hanamkonda'),
  ('Vuppula Shiva Chidanbaraiah Gold and Sliver Merchants', 'Warangal', 'Telangana', 'RNT Road JPN'),
  ('Chandrani Pearls', 'Agartala', 'Tripura', 'Tripura Battala'),
  ('Kalika Jewellers', 'Agartala', 'Tripura', 'Hari Ganga Basak Road Agartala Bazar'),
  ('Moni Jewellers', 'Agartala', 'Tripura', 'Agartala Bazar'),
  ('New Saha Jewellery & Sons', 'Agartala', 'Tripura', 'Santipara'),
  ('Radha Krishna Jewellery', 'Agartala', 'Tripura', 'Sakuntala Road Agartala Bazar'),
  ('Radhakrishna Jewellery', 'Agartala', 'Tripura', 'Surya Chowmuni Agartala Bazar'),
  ('Sabitri Gold Plating Jewellery', 'Agartala', 'Tripura', 'Kaman Chowmuhani Agartala Bazar'),
  ('Sananda Jewelery', 'Agartala', 'Tripura', 'Flyover Piller 29/30 Middle Bardowali'),
  ('Shri Krishna Gold Plating Jewellery', 'Agartala', 'Tripura', 'Mantribari Road Agartala Bazar'),
  ('Swarnakamal Jewellers', 'Agartala', 'Tripura', 'Hari Ganga Basak Road Agartala Bazar'),
  ('Dau Jewellers', 'Agra', 'UttarPradesh', 'A229/1 Kamla Nagar'),
  ('Jewel Empire', 'Agra', 'UttarPradesh', 'Main Market Kamla Nagar'),
  ('Laxmi Narain Sons', 'Agra', 'UttarPradesh', 'Saudagar Line Sadar Bazaar'),
  ('M.K. Creation', 'Agra', 'UttarPradesh', 'Kamlanagar Kamla Nagar'),
  ('Pc Jeweller Limited', 'Agra', 'UttarPradesh', 'M G Road Nehru Nagar'),
  ('Sachin Jewellers', 'Agra', 'UttarPradesh', 'District- Agra Khandauli'),
  ('Shiri Nath Ji Sarraf', 'Agra', 'UttarPradesh', 'Shop No 542 Sadar Bazaar'),
  ('Suresh Chand Neeraj Kumar Jewellers', 'Agra', 'UttarPradesh', 'Vip Road Kheriya Mode Kheria'),
  ('The Rose Gold', 'Agra', 'UttarPradesh', 'Awas Vikas COLONY Avas Vikash'),
  ('V J Jewellers', 'Agra', 'UttarPradesh', 'Sikandra Bodla Road'),
  ('Kamakshi Jewellers & Ratna Kendra', 'Kanpur', 'UttarPradesh', '120 Feet Road Geeta Nagar'),
  ('Kamal Jewellers', 'Kanpur', 'UttarPradesh', 'Birhana Road'),
  ('Kashi Jewellers', 'Kanpur', 'UttarPradesh', 'Birhana Road'),
  ('Kumar Jewellers & Rashi Ratna Kendra ( Bilhaur Wale)', 'Kanpur', 'UttarPradesh', 'Vidhyathi Market Govind Nagar'),
  ('Laxmi Jewellers', 'Kanpur', 'UttarPradesh', 'Hamirpur Road Naubasta'),
  ('Mani Jewellers', 'Kanpur', 'UttarPradesh', 'Mani Jewellers Bairy Kalyanpur Khurd, Kalyanpur'),
  ('Narayan Mangal Diamond Business', 'Kanpur', 'UttarPradesh', 'Rlb School Kalyanpur, Kalyanpur'),
  ('Shree Jouhari Jewellers', 'Kanpur', 'UttarPradesh', 'Birhana Road Kanpur'),
  ('The Kaushal Jewellers', 'Kanpur', 'UttarPradesh', 'Barra'),
  ('VAGMI R. A. JEWELLERS', 'Kanpur', 'UttarPradesh', '7/159 A Swaroop Nagar'),
  ('Anil Kumar Nitish Kumar Jain Jewellers Pvt. Ltd', 'Lucknow', 'UttarPradesh', 'Chowk Kamla Nehru Marg'),
  ('Archvin''s International', 'Lucknow', 'UttarPradesh', 'Kanpur Road LDA Colony'),
  ('Bansal Jewellers', 'Lucknow', 'UttarPradesh', 'Sarsawan Arjunganj'),
  ('Jewels Box (Gold & Diamond)', 'Lucknow', 'UttarPradesh', 'Shahnajaf Road Hazratganj'),
  ('Khun Khun Ji Jewellers', 'Lucknow', 'UttarPradesh', 'Aminabad'),
  ('Kishori Ji Jewels', 'Lucknow', 'UttarPradesh', 'Bhootnath Mandir Road Indira Nagar'),
  ('Lucknow Jewellers', 'Lucknow', 'UttarPradesh', 'Sector G Jankipuram'),
  ('Punjab Jewellers and Sons', 'Lucknow', 'UttarPradesh', 'Central Hotel Building Aminabad'),
  ('Shri Khun Khun Ji Jewellers', 'Lucknow', 'UttarPradesh', 'Jhandevala Park Aminabad'),
  ('Sri Badri Saraf - Singar Nagar Wale', 'Lucknow', 'UttarPradesh', 'Singar Nagar Alambagh'),
  ('1 One Gram Gold Jewellery (Khattri Creation)', 'Varanasi', 'UttarPradesh', 'Sigra Chauraha'),
  ('Chetmani Gems & Jewels Private Limited (Ravindrapuri)', 'Varanasi', 'UttarPradesh', 'Ravindrapuri Road'),
  ('Chetmani Gems & Jewels Pvt Ltd (Flagship Store)', 'Varanasi', 'UttarPradesh', 'Rathyatra Mahmoorganj Road'),
  ('Kanhaiya Lal Saraf Jewellers Trueso', 'Varanasi', 'UttarPradesh', 'Opposite Shaheed Udhyan Sigra Godowlia'),
  ('Makund Das Narsingh Das Sonawala', 'Varanasi', 'UttarPradesh', 'Chokhambha Godowlia'),
  ('Pavitrani Jewellers', 'Varanasi', 'UttarPradesh', 'B L W Road Lahartara'),
  ('Preetam Jewellers Nxt', 'Varanasi', 'UttarPradesh', 'Jangambadi Road Godowlia'),
  ('Shree Banaras Jewels Pvt. Ltd.', 'Varanasi', 'UttarPradesh', 'Rathyatra Sigra Road'),
  ('Shri Banaras Swarn Kala Kendra', 'Varanasi', 'UttarPradesh', 'Mehmoorganj Godowlia'),
  ('Vijay Alankar Mandir', 'Varanasi', 'UttarPradesh', 'Mandaudih Market')
) AS t(competitor_name, city, state, locality)
WHERE c.competitor_name = t.competitor_name
ON CONFLICT (competitor_id, city, state) DO NOTHING;

ALTER TABLE competitor_locations ENABLE ROW LEVEL SECURITY;
